Year,Scenario,RCMIP_total,RCMIP_agri,RCMIP_nonagri,Our_agri,New_total,Period
1900,SSP1-2.6,1.356163,1.189643,0.16652,1.189643,1.356163,pre-inventory
1901,SSP1-2.6,1.369103,1.197525,0.171579,1.197525,1.369103,pre-inventory
1902,SSP1-2.6,1.384515,1.208382,0.176133,1.208382,1.384515,pre-inventory
1903,SSP1-2.6,1.399355,1.21679,0.182566,1.21679,1.399355,pre-inventory
1904,SSP1-2.6,1.415598,1.227676,0.187922,1.227676,1.415598,pre-inventory
1905,SSP1-2.6,1.432563,1.237013,0.19555,1.237013,1.432563,pre-inventory
1906,SSP1-2.6,1.449952,1.247545,0.202407,1.247545,1.449952,pre-inventory
1907,SSP1-2.6,1.466752,1.25822,0.208532,1.25822,1.466752,pre-inventory
1908,SSP1-2.6,1.483125,1.269081,0.214044,1.269081,1.483125,pre-inventory
1909,SSP1-2.6,1.499101,1.279904,0.219197,1.279904,1.499101,pre-inventory
1910,SSP1-2.6,1.515945,1.289783,0.226162,1.289783,1.515945,pre-inventory
1911,SSP1-2.6,1.533706,1.305656,0.22805,1.305656,1.533706,pre-inventory
1912,SSP1-2.6,1.559234,1.325697,0.233537,1.325697,1.559234,pre-inventory
1913,SSP1-2.6,1.589117,1.351338,0.237779,1.351338,1.589117,pre-inventory
1914,SSP1-2.6,1.621623,1.380529,0.241094,1.380529,1.621623,pre-inventory
1915,SSP1-2.6,1.656958,1.412406,0.244552,1.412406,1.656958,pre-inventory
1916,SSP1-2.6,1.693364,1.443675,0.249689,1.443675,1.693364,pre-inventory
1917,SSP1-2.6,1.728659,1.476542,0.252116,1.476542,1.728659,pre-inventory
1918,SSP1-2.6,1.761607,1.506138,0.25547,1.506138,1.761607,pre-inventory
1919,SSP1-2.6,1.79147,1.53294,0.25853,1.53294,1.79147,pre-inventory
1920,SSP1-2.6,1.818808,1.556377,0.262431,1.556377,1.818808,pre-inventory
1921,SSP1-2.6,1.843607,1.576792,0.266815,1.576792,1.843607,pre-inventory
1922,SSP1-2.6,1.867742,1.598084,0.269658,1.598084,1.867742,pre-inventory
1923,SSP1-2.6,1.893417,1.618957,0.27446,1.618957,1.893417,pre-inventory
1924,SSP1-2.6,1.920281,1.642291,0.27799,1.642291,1.920281,pre-inventory
1925,SSP1-2.6,1.944747,1.66233,0.282417,1.66233,1.944747,pre-inventory
1926,SSP1-2.6,1.968033,1.682936,0.285097,1.682936,1.968033,pre-inventory
1927,SSP1-2.6,1.990269,1.700611,0.289658,1.700611,1.990269,pre-inventory
1928,SSP1-2.6,2.010725,1.717144,0.293581,1.717144,2.010725,pre-inventory
1929,SSP1-2.6,2.028075,1.731912,0.296162,1.731912,2.028075,pre-inventory
1930,SSP1-2.6,2.043068,1.742334,0.300733,1.742334,2.043068,pre-inventory
1931,SSP1-2.6,2.053984,1.750697,0.303287,1.750697,2.053984,pre-inventory
1932,SSP1-2.6,2.064649,1.755452,0.309197,1.755452,2.064649,pre-inventory
1933,SSP1-2.6,2.07356,1.758047,0.315513,1.758047,2.07356,pre-inventory
1934,SSP1-2.6,2.083435,1.75784,0.325594,1.75784,2.083435,pre-inventory
1935,SSP1-2.6,2.093473,1.756532,0.336941,1.756532,2.093473,pre-inventory
1936,SSP1-2.6,2.103273,1.756404,0.346869,1.756404,2.103273,pre-inventory
1937,SSP1-2.6,2.115584,1.756268,0.359315,1.756268,2.115584,pre-inventory
1938,SSP1-2.6,2.129098,1.758643,0.370454,1.758643,2.129098,pre-inventory
1939,SSP1-2.6,2.147484,1.764251,0.383233,1.764251,2.147484,pre-inventory
1940,SSP1-2.6,2.167532,1.771817,0.395715,1.771817,2.167532,pre-inventory
1941,SSP1-2.6,2.24212,1.832546,0.409574,1.832546,2.24212,pre-inventory
1942,SSP1-2.6,2.403564,1.973902,0.429662,1.973902,2.403564,pre-inventory
1943,SSP1-2.6,2.636053,2.179616,0.456437,2.179616,2.636053,pre-inventory
1944,SSP1-2.6,2.912497,2.430879,0.481618,2.430879,2.912497,pre-inventory
1945,SSP1-2.6,3.215873,2.703676,0.512197,2.703676,3.215873,pre-inventory
1946,SSP1-2.6,3.522872,2.980032,0.54284,2.980032,3.522872,pre-inventory
1947,SSP1-2.6,3.815764,3.238734,0.577029,3.238734,3.815764,pre-inventory
1948,SSP1-2.6,4.068702,3.461908,0.606794,3.461908,4.068702,pre-inventory
1949,SSP1-2.6,4.264104,3.628919,0.635185,3.628919,4.264104,pre-inventory
1950,SSP1-2.6,4.378499,3.718148,0.66035,3.718148,4.378499,pre-inventory
1951,SSP1-2.6,4.44758,3.758339,0.689241,3.758339,4.44758,pre-inventory
1952,SSP1-2.6,4.514631,3.791693,0.722938,3.791693,4.514631,pre-inventory
1953,SSP1-2.6,4.585339,3.817763,0.767575,3.817763,4.585339,pre-inventory
1954,SSP1-2.6,4.658919,3.843738,0.81518,3.843738,4.658919,pre-inventory
1955,SSP1-2.6,4.738574,3.867767,0.870807,3.867767,4.738574,pre-inventory
1956,SSP1-2.6,4.819785,3.895597,0.924188,3.895597,4.819785,pre-inventory
1957,SSP1-2.6,4.906312,3.922005,0.984307,3.922005,4.906312,pre-inventory
1958,SSP1-2.6,5.002815,3.957337,1.045478,3.957337,5.002815,pre-inventory
1959,SSP1-2.6,5.106722,4.003444,1.103278,4.003444,5.106722,pre-inventory
1960,SSP1-2.6,5.222367,4.057507,1.16486,4.057507,5.222367,pre-inventory
1961,SSP1-2.6,5.570292,4.340348,1.229945,4.340348,5.570292,pre-inventory
1962,SSP1-2.6,5.779895,4.475612,1.304283,4.475612,5.779895,pre-inventory
1963,SSP1-2.6,5.976277,4.587625,1.388652,4.587625,5.976277,pre-inventory
1964,SSP1-2.6,6.199344,4.720826,1.478518,4.720826,6.199344,pre-inventory
1965,SSP1-2.6,6.46556,4.894107,1.571453,4.894107,6.46556,pre-inventory
1966,SSP1-2.6,6.773508,5.106725,1.666782,5.106725,6.773508,pre-inventory
1967,SSP1-2.6,7.041514,5.281761,1.759753,5.281761,7.041514,pre-inventory
1968,SSP1-2.6,7.256009,5.410965,1.845044,5.410965,7.256009,pre-inventory
1969,SSP1-2.6,7.435615,5.509087,1.926528,5.509087,7.435615,pre-inventory
1970,SSP1-2.6,7.406667,5.543288,1.86338,4.128631,5.992011,historical
1971,SSP1-2.6,7.32706,5.506025,1.821035,4.292148,6.113183,historical
1972,SSP1-2.6,7.746901,5.786713,1.960188,4.461821,6.42201,historical
1973,SSP1-2.6,7.93557,5.909077,2.026493,4.636546,6.663039,historical
1974,SSP1-2.6,7.909792,5.864346,2.045447,4.665762,6.711209,historical
1975,SSP1-2.6,8.180647,6.142078,2.038569,4.927838,6.966407,historical
1976,SSP1-2.6,8.409326,6.272089,2.137236,5.00441,7.141646,historical
1977,SSP1-2.6,8.640444,6.419868,2.220576,5.192597,7.413173,historical
1978,SSP1-2.6,8.837869,6.587857,2.250012,5.425788,7.675801,historical
1979,SSP1-2.6,9.123756,6.792047,2.331709,5.577634,7.909343,historical
1980,SSP1-2.6,9.227259,6.967747,2.259512,5.77441,8.033922,historical
1981,SSP1-2.6,9.121125,6.926315,2.19481,5.797197,7.992008,historical
1982,SSP1-2.6,9.494516,7.182765,2.311751,5.869672,8.181423,historical
1983,SSP1-2.6,9.530293,7.310411,2.219882,6.100115,8.319998,historical
1984,SSP1-2.6,9.421164,7.258571,2.162593,6.322644,8.485237,historical
1985,SSP1-2.6,9.421444,7.289194,2.13225,6.346536,8.478786,historical
1986,SSP1-2.6,9.620413,7.448308,2.172106,6.482335,8.654441,historical
1987,SSP1-2.6,9.977117,7.708137,2.26898,6.644871,8.913851,historical
1988,SSP1-2.6,9.72272,7.584863,2.137856,6.816883,8.95474,historical
1989,SSP1-2.6,9.842472,7.66958,2.172892,6.841175,9.014068,historical
1990,SSP1-2.6,9.862304,7.706154,2.15615,6.813726,8.969876,historical
1991,SSP1-2.6,9.968817,7.756719,2.212098,6.747573,8.95967,historical
1992,SSP1-2.6,9.990076,7.718604,2.271472,6.803906,9.075378,historical
1993,SSP1-2.6,9.915094,7.785309,2.129785,6.740246,8.870031,historical
1994,SSP1-2.6,10.121031,7.873424,2.247607,6.814373,9.06198,historical
1995,SSP1-2.6,10.218834,7.998906,2.219927,7.106967,9.326894,historical
1996,SSP1-2.6,10.278763,8.018429,2.260334,7.364034,9.624368,historical
1997,SSP1-2.6,10.59022,7.909805,2.680415,7.150494,9.830909,historical
1998,SSP1-2.6,10.128407,7.853927,2.27448,7.23892,9.5134,historical
1999,SSP1-2.6,9.868586,7.791749,2.076838,7.379368,9.456205,historical
2000,SSP1-2.6,9.603187,7.589667,2.01352,7.237487,9.251007,historical
2001,SSP1-2.6,9.722247,7.703435,2.018812,7.26962,9.288433,historical
2002,SSP1-2.6,9.991772,7.895321,2.096451,7.392974,9.489426,historical
2003,SSP1-2.6,10.099787,8.059591,2.040196,7.527689,9.567885,historical
2004,SSP1-2.6,10.354571,8.244367,2.110204,7.668044,9.778248,historical
2005,SSP1-2.6,10.516571,8.377955,2.138616,7.731216,9.869832,historical
2006,SSP1-2.6,10.802562,8.551614,2.250947,7.887915,10.138862,historical
2007,SSP1-2.6,10.363481,8.224693,2.138788,8.053608,10.192396,historical
2008,SSP1-2.6,10.429681,8.461749,1.967932,8.04617,10.014103,historical
2009,SSP1-2.6,10.546742,8.610838,1.935903,8.17646,10.112364,historical
2010,SSP1-2.6,10.539817,8.60331,1.936507,8.371607,10.308114,historical
2011,SSP1-2.6,10.446428,8.496913,1.949515,8.532201,10.481716,historical
2012,SSP1-2.6,10.593898,8.637072,1.956826,8.574646,10.531472,historical
2013,SSP1-2.6,10.759047,8.792289,1.966758,8.677488,10.644245,historical
2014,SSP1-2.6,10.866284,8.912952,1.953331,8.748905,10.702236,historical
2015,SSP1-2.6,10.9,8.940608,1.959392,8.725336,10.684728,historical
2016,SSP1-2.6,10.776893,8.839631,1.937262,8.815656,10.752919,historical
2017,SSP1-2.6,10.653786,8.738654,1.915133,8.938529,10.853662,historical
2018,SSP1-2.6,10.530679,8.637676,1.893003,8.874295,10.767297,historical
2019,SSP1-2.6,10.407572,8.536699,1.870873,8.809105,10.679978,historical
2020,SSP1-2.6,10.284465,8.435722,1.848743,10.22386,12.072603,scenario
2021,SSP1-2.6,10.147141,8.323083,1.824058,10.278494,12.102552,scenario
2022,SSP1-2.6,10.009817,8.210445,1.799372,10.293521,12.092893,scenario
2023,SSP1-2.6,9.872492,8.097806,1.774687,10.395706,12.170393,scenario
2024,SSP1-2.6,9.735168,7.985167,1.750001,10.436958,12.186959,scenario
2025,SSP1-2.6,9.597844,7.872528,1.725316,10.517269,12.242585,scenario
2026,SSP1-2.6,9.460519,7.759889,1.70063,10.554835,12.255465,scenario
2027,SSP1-2.6,9.323195,7.647251,1.675945,10.575154,12.251099,scenario
2028,SSP1-2.6,9.185871,7.534612,1.651259,10.552128,12.203387,scenario
2029,SSP1-2.6,9.048546,7.421973,1.626573,10.560932,12.187505,scenario
2030,SSP1-2.6,8.911222,7.309334,1.601888,10.540982,12.14287,scenario
2031,SSP1-2.6,8.841697,7.252307,1.58939,10.488285,12.077675,scenario
2032,SSP1-2.6,8.772171,7.195279,1.576892,10.410197,11.987089,scenario
2033,SSP1-2.6,8.702645,7.138251,1.564394,10.322181,11.886575,scenario
2034,SSP1-2.6,8.63312,7.081224,1.551896,10.219618,11.771514,scenario
2035,SSP1-2.6,8.563594,7.024196,1.539398,10.070526,11.609924,scenario
2036,SSP1-2.6,8.494068,6.967168,1.5269,9.945922,11.472822,scenario
2037,SSP1-2.6,8.424543,6.910141,1.514402,9.792933,11.307335,scenario
2038,SSP1-2.6,8.355017,6.853113,1.501904,9.699896,11.2018,scenario
2039,SSP1-2.6,8.285492,6.796085,1.489406,9.607645,11.097051,scenario
2040,SSP1-2.6,8.215966,6.739058,1.476908,9.46951,10.946418,scenario
2041,SSP1-2.6,8.188492,6.716523,1.47197,9.432854,10.904824,scenario
2042,SSP1-2.6,8.161019,6.693988,1.467031,9.360691,10.827722,scenario
2043,SSP1-2.6,8.133545,6.671453,1.462092,9.318039,10.780131,scenario
2044,SSP1-2.6,8.106071,6.648918,1.457153,9.285265,10.742419,scenario
2045,SSP1-2.6,8.078597,6.626383,1.452215,9.295636,10.747851,scenario
2046,SSP1-2.6,8.051124,6.603848,1.447276,9.291323,10.738599,scenario
2047,SSP1-2.6,8.02365,6.581313,1.442337,9.29731,10.739647,scenario
2048,SSP1-2.6,7.996176,6.558778,1.437399,9.328138,10.765536,scenario
2049,SSP1-2.6,7.968702,6.536242,1.43246,9.328186,10.760646,scenario
2050,SSP1-2.6,7.941229,6.513707,1.427521,9.372286,10.799807,scenario
2051,SSP1-2.6,7.929573,6.504147,1.425426,9.399335,10.824761,scenario
2052,SSP1-2.6,7.917918,6.494587,1.423331,9.421371,10.844701,scenario
2053,SSP1-2.6,7.906262,6.485026,1.421236,9.441819,10.863055,scenario
2054,SSP1-2.6,7.894606,6.475466,1.41914,9.455437,10.874577,scenario
2055,SSP1-2.6,7.882951,6.465906,1.417045,9.512668,10.929713,scenario
2056,SSP1-2.6,7.871295,6.456345,1.41495,9.544715,10.959665,scenario
2057,SSP1-2.6,7.85964,6.446785,1.412855,9.540283,10.953138,scenario
2058,SSP1-2.6,7.847984,6.437225,1.41076,9.545809,10.956569,scenario
2059,SSP1-2.6,7.836329,6.427664,1.408664,9.640935,11.049599,scenario
2060,SSP1-2.6,7.824673,6.418104,1.406569,9.710495,11.117064,scenario
2061,SSP1-2.6,7.824686,6.418115,1.406571,9.754523,11.161095,scenario
2062,SSP1-2.6,7.824699,6.418125,1.406574,9.807644,11.214217,scenario
2063,SSP1-2.6,7.824711,6.418135,1.406576,9.858869,11.265445,scenario
2064,SSP1-2.6,7.824724,6.418146,1.406578,9.891381,11.297959,scenario
2065,SSP1-2.6,7.824737,6.418156,1.406581,9.917604,11.324185,scenario
2066,SSP1-2.6,7.82475,6.418167,1.406583,9.932756,11.339339,scenario
2067,SSP1-2.6,7.824763,6.418177,1.406585,9.947788,11.354374,scenario
2068,SSP1-2.6,7.824775,6.418188,1.406587,9.943857,11.350445,scenario
2069,SSP1-2.6,7.824788,6.418198,1.40659,9.985167,11.391756,scenario
2070,SSP1-2.6,7.824801,6.418209,1.406592,10.020443,11.427035,scenario
2071,SSP1-2.6,7.844871,6.434671,1.4102,10.021909,11.432109,scenario
2072,SSP1-2.6,7.864941,6.451133,1.413808,10.051026,11.464834,scenario
2073,SSP1-2.6,7.885011,6.467595,1.417415,10.041814,11.45923,scenario
2074,SSP1-2.6,7.905081,6.484058,1.421023,10.062712,11.483735,scenario
2075,SSP1-2.6,7.925151,6.50052,1.424631,10.111969,11.5366,scenario
2076,SSP1-2.6,7.945221,6.516982,1.428239,10.125789,11.554028,scenario
2077,SSP1-2.6,7.965291,6.533444,1.431847,10.108241,11.540088,scenario
2078,SSP1-2.6,7.985361,6.549907,1.435455,10.152621,11.588075,scenario
2079,SSP1-2.6,8.005431,6.566369,1.439062,10.198993,11.638056,scenario
2080,SSP1-2.6,8.025501,6.582831,1.44267,10.24235,11.68502,scenario
2081,SSP1-2.6,8.077381,6.625385,1.451996,10.314656,11.766651,scenario
2082,SSP1-2.6,8.12926,6.667938,1.461322,10.359966,11.821288,scenario
2083,SSP1-2.6,8.181139,6.710491,1.470648,10.336585,11.807232,scenario
2084,SSP1-2.6,8.233018,6.753045,1.479974,10.337991,11.817964,scenario
2085,SSP1-2.6,8.284898,6.795598,1.489299,10.299877,11.789176,scenario
2086,SSP1-2.6,8.336777,6.838152,1.498625,10.295202,11.793827,scenario
2087,SSP1-2.6,8.388656,6.880705,1.507951,10.290145,11.798096,scenario
2088,SSP1-2.6,8.440535,6.923258,1.517277,10.251558,11.768835,scenario
2089,SSP1-2.6,8.492414,6.965812,1.526603,10.303153,11.829756,scenario
2090,SSP1-2.6,8.544294,7.008365,1.535929,10.347204,11.883133,scenario
2091,SSP1-2.6,8.525566,6.993004,1.532562,10.346278,11.87884,scenario
2092,SSP1-2.6,8.506838,6.977643,1.529196,10.338346,11.867542,scenario
2093,SSP1-2.6,8.488111,6.962282,1.525829,10.323122,11.848951,scenario
2094,SSP1-2.6,8.469383,6.946921,1.522463,10.270862,11.793324,scenario
2095,SSP1-2.6,8.450656,6.931559,1.519096,10.239225,11.758321,scenario
2096,SSP1-2.6,8.431928,6.916198,1.51573,10.177489,11.693219,scenario
2097,SSP1-2.6,8.4132,6.900837,1.512363,10.08963,11.601993,scenario
2098,SSP1-2.6,8.394473,6.885476,1.508997,10.016485,11.525482,scenario
2099,SSP1-2.6,8.375745,6.870115,1.50563,10.007575,11.513205,scenario
2100,SSP1-2.6,8.357018,6.854754,1.502264,10.000855,11.503119,scenario
1900,SSP2-4.5,1.356163,1.189643,0.16652,1.189643,1.356163,pre-inventory
1901,SSP2-4.5,1.369103,1.197525,0.171579,1.197525,1.369103,pre-inventory
1902,SSP2-4.5,1.384515,1.208382,0.176133,1.208382,1.384515,pre-inventory
1903,SSP2-4.5,1.399355,1.21679,0.182566,1.21679,1.399355,pre-inventory
1904,SSP2-4.5,1.415598,1.227676,0.187922,1.227676,1.415598,pre-inventory
1905,SSP2-4.5,1.432563,1.237013,0.19555,1.237013,1.432563,pre-inventory
1906,SSP2-4.5,1.449952,1.247545,0.202407,1.247545,1.449952,pre-inventory
1907,SSP2-4.5,1.466752,1.25822,0.208532,1.25822,1.466752,pre-inventory
1908,SSP2-4.5,1.483125,1.269081,0.214044,1.269081,1.483125,pre-inventory
1909,SSP2-4.5,1.499101,1.279904,0.219197,1.279904,1.499101,pre-inventory
1910,SSP2-4.5,1.515945,1.289783,0.226162,1.289783,1.515945,pre-inventory
1911,SSP2-4.5,1.533706,1.305656,0.22805,1.305656,1.533706,pre-inventory
1912,SSP2-4.5,1.559234,1.325697,0.233537,1.325697,1.559234,pre-inventory
1913,SSP2-4.5,1.589117,1.351338,0.237779,1.351338,1.589117,pre-inventory
1914,SSP2-4.5,1.621623,1.380529,0.241094,1.380529,1.621623,pre-inventory
1915,SSP2-4.5,1.656958,1.412406,0.244552,1.412406,1.656958,pre-inventory
1916,SSP2-4.5,1.693364,1.443675,0.249689,1.443675,1.693364,pre-inventory
1917,SSP2-4.5,1.728659,1.476542,0.252116,1.476542,1.728659,pre-inventory
1918,SSP2-4.5,1.761607,1.506138,0.25547,1.506138,1.761607,pre-inventory
1919,SSP2-4.5,1.79147,1.53294,0.25853,1.53294,1.79147,pre-inventory
1920,SSP2-4.5,1.818808,1.556377,0.262431,1.556377,1.818808,pre-inventory
1921,SSP2-4.5,1.843607,1.576792,0.266815,1.576792,1.843607,pre-inventory
1922,SSP2-4.5,1.867742,1.598084,0.269658,1.598084,1.867742,pre-inventory
1923,SSP2-4.5,1.893417,1.618957,0.27446,1.618957,1.893417,pre-inventory
1924,SSP2-4.5,1.920281,1.642291,0.27799,1.642291,1.920281,pre-inventory
1925,SSP2-4.5,1.944747,1.66233,0.282417,1.66233,1.944747,pre-inventory
1926,SSP2-4.5,1.968033,1.682936,0.285097,1.682936,1.968033,pre-inventory
1927,SSP2-4.5,1.990269,1.700611,0.289658,1.700611,1.990269,pre-inventory
1928,SSP2-4.5,2.010725,1.717144,0.293581,1.717144,2.010725,pre-inventory
1929,SSP2-4.5,2.028075,1.731912,0.296162,1.731912,2.028075,pre-inventory
1930,SSP2-4.5,2.043068,1.742334,0.300733,1.742334,2.043068,pre-inventory
1931,SSP2-4.5,2.053984,1.750697,0.303287,1.750697,2.053984,pre-inventory
1932,SSP2-4.5,2.064649,1.755452,0.309197,1.755452,2.064649,pre-inventory
1933,SSP2-4.5,2.07356,1.758047,0.315513,1.758047,2.07356,pre-inventory
1934,SSP2-4.5,2.083435,1.75784,0.325594,1.75784,2.083435,pre-inventory
1935,SSP2-4.5,2.093473,1.756532,0.336941,1.756532,2.093473,pre-inventory
1936,SSP2-4.5,2.103273,1.756404,0.346869,1.756404,2.103273,pre-inventory
1937,SSP2-4.5,2.115584,1.756268,0.359315,1.756268,2.115584,pre-inventory
1938,SSP2-4.5,2.129098,1.758643,0.370454,1.758643,2.129098,pre-inventory
1939,SSP2-4.5,2.147484,1.764251,0.383233,1.764251,2.147484,pre-inventory
1940,SSP2-4.5,2.167532,1.771817,0.395715,1.771817,2.167532,pre-inventory
1941,SSP2-4.5,2.24212,1.832546,0.409574,1.832546,2.24212,pre-inventory
1942,SSP2-4.5,2.403564,1.973902,0.429662,1.973902,2.403564,pre-inventory
1943,SSP2-4.5,2.636053,2.179616,0.456437,2.179616,2.636053,pre-inventory
1944,SSP2-4.5,2.912497,2.430879,0.481618,2.430879,2.912497,pre-inventory
1945,SSP2-4.5,3.215873,2.703676,0.512197,2.703676,3.215873,pre-inventory
1946,SSP2-4.5,3.522872,2.980032,0.54284,2.980032,3.522872,pre-inventory
1947,SSP2-4.5,3.815764,3.238734,0.577029,3.238734,3.815764,pre-inventory
1948,SSP2-4.5,4.068702,3.461908,0.606794,3.461908,4.068702,pre-inventory
1949,SSP2-4.5,4.264104,3.628919,0.635185,3.628919,4.264104,pre-inventory
1950,SSP2-4.5,4.378499,3.718148,0.66035,3.718148,4.378499,pre-inventory
1951,SSP2-4.5,4.44758,3.758339,0.689241,3.758339,4.44758,pre-inventory
1952,SSP2-4.5,4.514631,3.791693,0.722938,3.791693,4.514631,pre-inventory
1953,SSP2-4.5,4.585339,3.817763,0.767575,3.817763,4.585339,pre-inventory
1954,SSP2-4.5,4.658919,3.843738,0.81518,3.843738,4.658919,pre-inventory
1955,SSP2-4.5,4.738574,3.867767,0.870807,3.867767,4.738574,pre-inventory
1956,SSP2-4.5,4.819785,3.895597,0.924188,3.895597,4.819785,pre-inventory
1957,SSP2-4.5,4.906312,3.922005,0.984307,3.922005,4.906312,pre-inventory
1958,SSP2-4.5,5.002815,3.957337,1.045478,3.957337,5.002815,pre-inventory
1959,SSP2-4.5,5.106722,4.003444,1.103278,4.003444,5.106722,pre-inventory
1960,SSP2-4.5,5.222367,4.057507,1.16486,4.057507,5.222367,pre-inventory
1961,SSP2-4.5,5.570292,4.340348,1.229945,4.340348,5.570292,pre-inventory
1962,SSP2-4.5,5.779895,4.475612,1.304283,4.475612,5.779895,pre-inventory
1963,SSP2-4.5,5.976277,4.587625,1.388652,4.587625,5.976277,pre-inventory
1964,SSP2-4.5,6.199344,4.720826,1.478518,4.720826,6.199344,pre-inventory
1965,SSP2-4.5,6.46556,4.894107,1.571453,4.894107,6.46556,pre-inventory
1966,SSP2-4.5,6.773508,5.106725,1.666782,5.106725,6.773508,pre-inventory
1967,SSP2-4.5,7.041514,5.281761,1.759753,5.281761,7.041514,pre-inventory
1968,SSP2-4.5,7.256009,5.410965,1.845044,5.410965,7.256009,pre-inventory
1969,SSP2-4.5,7.435615,5.509087,1.926528,5.509087,7.435615,pre-inventory
1970,SSP2-4.5,7.406667,5.543288,1.86338,4.128631,5.992011,historical
1971,SSP2-4.5,7.32706,5.506025,1.821035,4.292148,6.113183,historical
1972,SSP2-4.5,7.746901,5.786713,1.960188,4.461821,6.42201,historical
1973,SSP2-4.5,7.93557,5.909077,2.026493,4.636546,6.663039,historical
1974,SSP2-4.5,7.909792,5.864346,2.045447,4.665762,6.711209,historical
1975,SSP2-4.5,8.180647,6.142078,2.038569,4.927838,6.966407,historical
1976,SSP2-4.5,8.409326,6.272089,2.137236,5.00441,7.141646,historical
1977,SSP2-4.5,8.640444,6.419868,2.220576,5.192597,7.413173,historical
1978,SSP2-4.5,8.837869,6.587857,2.250012,5.425788,7.675801,historical
1979,SSP2-4.5,9.123756,6.792047,2.331709,5.577634,7.909343,historical
1980,SSP2-4.5,9.227259,6.967747,2.259512,5.77441,8.033922,historical
1981,SSP2-4.5,9.121125,6.926315,2.19481,5.797197,7.992008,historical
1982,SSP2-4.5,9.494516,7.182765,2.311751,5.869672,8.181423,historical
1983,SSP2-4.5,9.530293,7.310411,2.219882,6.100115,8.319998,historical
1984,SSP2-4.5,9.421164,7.258571,2.162593,6.322644,8.485237,historical
1985,SSP2-4.5,9.421444,7.289194,2.13225,6.346536,8.478786,historical
1986,SSP2-4.5,9.620413,7.448308,2.172106,6.482335,8.654441,historical
1987,SSP2-4.5,9.977117,7.708137,2.26898,6.644871,8.913851,historical
1988,SSP2-4.5,9.72272,7.584863,2.137856,6.816883,8.95474,historical
1989,SSP2-4.5,9.842472,7.66958,2.172892,6.841175,9.014068,historical
1990,SSP2-4.5,9.862304,7.706154,2.15615,6.813726,8.969876,historical
1991,SSP2-4.5,9.968817,7.756719,2.212098,6.747573,8.95967,historical
1992,SSP2-4.5,9.990076,7.718604,2.271472,6.803906,9.075378,historical
1993,SSP2-4.5,9.915094,7.785309,2.129785,6.740246,8.870031,historical
1994,SSP2-4.5,10.121031,7.873424,2.247607,6.814373,9.06198,historical
1995,SSP2-4.5,10.218834,7.998906,2.219927,7.106967,9.326894,historical
1996,SSP2-4.5,10.278763,8.018429,2.260334,7.364034,9.624368,historical
1997,SSP2-4.5,10.59022,7.909805,2.680415,7.150494,9.830909,historical
1998,SSP2-4.5,10.128407,7.853927,2.27448,7.23892,9.5134,historical
1999,SSP2-4.5,9.868586,7.791749,2.076838,7.379368,9.456205,historical
2000,SSP2-4.5,9.603187,7.589667,2.01352,7.237487,9.251007,historical
2001,SSP2-4.5,9.722247,7.703435,2.018812,7.26962,9.288433,historical
2002,SSP2-4.5,9.991772,7.895321,2.096451,7.392974,9.489426,historical
2003,SSP2-4.5,10.099787,8.059591,2.040196,7.527689,9.567885,historical
2004,SSP2-4.5,10.354571,8.244367,2.110204,7.668044,9.778248,historical
2005,SSP2-4.5,10.516571,8.377955,2.138616,7.731216,9.869832,historical
2006,SSP2-4.5,10.802562,8.551614,2.250947,7.887915,10.138862,historical
2007,SSP2-4.5,10.363481,8.224693,2.138788,8.053608,10.192396,historical
2008,SSP2-4.5,10.429681,8.461749,1.967932,8.04617,10.014103,historical
2009,SSP2-4.5,10.546742,8.610838,1.935903,8.17646,10.112364,historical
2010,SSP2-4.5,10.539817,8.60331,1.936507,8.371607,10.308114,historical
2011,SSP2-4.5,10.446428,8.496913,1.949515,8.532201,10.481716,historical
2012,SSP2-4.5,10.593898,8.637072,1.956826,8.574646,10.531472,historical
2013,SSP2-4.5,10.759047,8.792289,1.966758,8.677488,10.644245,historical
2014,SSP2-4.5,10.866284,8.912952,1.953331,8.748905,10.702236,historical
2015,SSP2-4.5,10.9,8.940608,1.959392,8.725336,10.684728,historical
2016,SSP2-4.5,10.984571,9.009976,1.974595,8.815656,10.790251,historical
2017,SSP2-4.5,11.069141,9.079344,1.989797,8.938529,10.928327,historical
2018,SSP2-4.5,11.153712,9.148712,2.005,8.874295,10.879294,historical
2019,SSP2-4.5,11.238282,9.21808,2.020202,8.809105,10.829307,historical
2020,SSP2-4.5,11.322853,9.287448,2.035405,10.302733,12.338138,scenario
2021,SSP2-4.5,11.411443,9.360113,2.051329,10.422094,12.473423,scenario
2022,SSP2-4.5,11.500033,9.432778,2.067254,10.608155,12.675409,scenario
2023,SSP2-4.5,11.588622,9.505443,2.083179,10.831436,12.914616,scenario
2024,SSP2-4.5,11.677212,9.578108,2.099104,10.97647,13.075574,scenario
2025,SSP2-4.5,11.765802,9.650773,2.115029,11.106065,13.221094,scenario
2026,SSP2-4.5,11.854392,9.723438,2.130954,11.32226,13.453214,scenario
2027,SSP2-4.5,11.942982,9.796102,2.146879,11.522966,13.669845,scenario
2028,SSP2-4.5,12.031572,9.868767,2.162804,11.685892,13.848696,scenario
2029,SSP2-4.5,12.120161,9.941432,2.178729,11.872018,14.050747,scenario
2030,SSP2-4.5,12.208751,10.014097,2.194654,12.056699,14.251354,scenario
2031,SSP2-4.5,12.250253,10.048138,2.202115,12.266867,14.468982,scenario
2032,SSP2-4.5,12.291754,10.082179,2.209575,12.419848,14.629423,scenario
2033,SSP2-4.5,12.333256,10.116221,2.217035,12.576963,14.793998,scenario
2034,SSP2-4.5,12.374758,10.150262,2.224496,12.709256,14.933752,scenario
2035,SSP2-4.5,12.416259,10.184303,2.231956,12.834728,15.066684,scenario
2036,SSP2-4.5,12.457761,10.218344,2.239416,12.962785,15.202201,scenario
2037,SSP2-4.5,12.499263,10.252386,2.246877,13.105777,15.352654,scenario
2038,SSP2-4.5,12.540764,10.286427,2.254337,13.255002,15.509339,scenario
2039,SSP2-4.5,12.582266,10.320468,2.261798,13.411077,15.672874,scenario
2040,SSP2-4.5,12.623767,10.35451,2.269258,13.535044,15.804302,scenario
2041,SSP2-4.5,12.620085,10.351489,2.268596,13.672306,15.940902,scenario
2042,SSP2-4.5,12.616402,10.348468,2.267934,13.806041,16.073975,scenario
2043,SSP2-4.5,12.612719,10.345447,2.267272,13.893165,16.160437,scenario
2044,SSP2-4.5,12.609036,10.342426,2.26661,14.076657,16.343267,scenario
2045,SSP2-4.5,12.605353,10.339406,2.265948,14.220809,16.486756,scenario
2046,SSP2-4.5,12.60167,10.336385,2.265286,14.36741,16.632695,scenario
2047,SSP2-4.5,12.597988,10.333364,2.264624,14.717421,16.982045,scenario
2048,SSP2-4.5,12.594305,10.330343,2.263962,15.039462,17.303423,scenario
2049,SSP2-4.5,12.590622,10.327322,2.2633,15.294424,17.557724,scenario
2050,SSP2-4.5,12.586939,10.324302,2.262638,15.433773,17.696411,scenario
2051,SSP2-4.5,12.550102,10.294086,2.256016,15.541594,17.79761,scenario
2052,SSP2-4.5,12.513265,10.263871,2.249394,15.696001,17.945395,scenario
2053,SSP2-4.5,12.476428,10.233656,2.242772,15.840639,18.083411,scenario
2054,SSP2-4.5,12.439591,10.203441,2.23615,16.455174,18.691325,scenario
2055,SSP2-4.5,12.402754,10.173226,2.229528,16.857359,19.086887,scenario
2056,SSP2-4.5,12.365917,10.143011,2.222907,17.07415,19.297057,scenario
2057,SSP2-4.5,12.32908,10.112795,2.216285,17.352489,19.568774,scenario
2058,SSP2-4.5,12.292243,10.08258,2.209663,17.824488,20.034151,scenario
2059,SSP2-4.5,12.255406,10.052365,2.203041,18.066453,20.269494,scenario
2060,SSP2-4.5,12.218569,10.02215,2.196419,18.13466,20.331079,scenario
2061,SSP2-4.5,12.151284,9.96696,2.184324,18.269802,20.454126,scenario
2062,SSP2-4.5,12.083999,9.91177,2.172229,18.452502,20.624731,scenario
2063,SSP2-4.5,12.016714,9.856581,2.160134,18.695529,20.855662,scenario
2064,SSP2-4.5,11.949429,9.801391,2.148038,18.852238,21.000277,scenario
2065,SSP2-4.5,11.882144,9.746201,2.135943,18.942697,21.07864,scenario
2066,SSP2-4.5,11.814859,9.691011,2.123848,19.055716,21.179564,scenario
2067,SSP2-4.5,11.747574,9.635821,2.111753,19.225814,21.337567,scenario
2068,SSP2-4.5,11.680289,9.580632,2.099658,19.395923,21.49558,scenario
2069,SSP2-4.5,11.613004,9.525442,2.087562,19.637055,21.724617,scenario
2070,SSP2-4.5,11.545719,9.470252,2.075467,19.851587,21.927054,scenario
2071,SSP2-4.5,11.427411,9.373211,2.0542,19.998163,22.052363,scenario
2072,SSP2-4.5,11.309103,9.27617,2.032933,20.153671,22.186604,scenario
2073,SSP2-4.5,11.190794,9.179129,2.011666,20.34149,22.353156,scenario
2074,SSP2-4.5,11.072486,9.082088,1.990398,20.391821,22.38222,scenario
2075,SSP2-4.5,10.954178,8.985047,1.969131,20.427785,22.396916,scenario
2076,SSP2-4.5,10.83587,8.888005,1.947864,20.501894,22.449758,scenario
2077,SSP2-4.5,10.717561,8.790964,1.926597,20.525347,22.451944,scenario
2078,SSP2-4.5,10.599253,8.693923,1.90533,20.61552,22.52085,scenario
2079,SSP2-4.5,10.480945,8.596882,1.884062,20.746746,22.630809,scenario
2080,SSP2-4.5,10.362636,8.499841,1.862795,20.889824,22.752619,scenario
2081,SSP2-4.5,10.278849,8.431115,1.847734,20.959127,22.806861,scenario
2082,SSP2-4.5,10.195061,8.362389,1.832672,20.918902,22.751574,scenario
2083,SSP2-4.5,10.111273,8.293663,1.81761,21.017926,22.835536,scenario
2084,SSP2-4.5,10.027486,8.224937,1.802548,21.061366,22.863915,scenario
2085,SSP2-4.5,9.943698,8.156211,1.787487,21.101454,22.88894,scenario
2086,SSP2-4.5,9.85991,8.087486,1.772425,21.147528,22.919953,scenario
2087,SSP2-4.5,9.776123,8.01876,1.757363,21.163791,22.921155,scenario
2088,SSP2-4.5,9.692335,7.950034,1.742301,21.184552,22.926853,scenario
2089,SSP2-4.5,9.608547,7.881308,1.72724,21.154545,22.881784,scenario
2090,SSP2-4.5,9.52476,7.812582,1.712178,21.141011,22.853189,scenario
2091,SSP2-4.5,9.445517,7.747584,1.697933,21.18065,22.878583,scenario
2092,SSP2-4.5,9.366275,7.682586,1.683689,21.212248,22.895937,scenario
2093,SSP2-4.5,9.287032,7.617588,1.669444,21.237096,22.906539,scenario
2094,SSP2-4.5,9.20779,7.552591,1.655199,21.27477,22.929969,scenario
2095,SSP2-4.5,9.128547,7.487593,1.640954,21.287877,22.928831,scenario
2096,SSP2-4.5,9.049305,7.422595,1.62671,21.291212,22.917922,scenario
2097,SSP2-4.5,8.970062,7.357597,1.612465,21.260191,22.872656,scenario
2098,SSP2-4.5,8.89082,7.292599,1.59822,21.259239,22.857459,scenario
2099,SSP2-4.5,8.811577,7.227601,1.583976,21.23418,22.818156,scenario
2100,SSP2-4.5,8.732334,7.162603,1.569731,21.216171,22.785902,scenario
1900,SSP3-7.0,1.356163,1.189643,0.16652,1.189643,1.356163,pre-inventory
1901,SSP3-7.0,1.369103,1.197525,0.171579,1.197525,1.369103,pre-inventory
1902,SSP3-7.0,1.384515,1.208382,0.176133,1.208382,1.384515,pre-inventory
1903,SSP3-7.0,1.399355,1.21679,0.182566,1.21679,1.399355,pre-inventory
1904,SSP3-7.0,1.415598,1.227676,0.187922,1.227676,1.415598,pre-inventory
1905,SSP3-7.0,1.432563,1.237013,0.19555,1.237013,1.432563,pre-inventory
1906,SSP3-7.0,1.449952,1.247545,0.202407,1.247545,1.449952,pre-inventory
1907,SSP3-7.0,1.466752,1.25822,0.208532,1.25822,1.466752,pre-inventory
1908,SSP3-7.0,1.483125,1.269081,0.214044,1.269081,1.483125,pre-inventory
1909,SSP3-7.0,1.499101,1.279904,0.219197,1.279904,1.499101,pre-inventory
1910,SSP3-7.0,1.515945,1.289783,0.226162,1.289783,1.515945,pre-inventory
1911,SSP3-7.0,1.533706,1.305656,0.22805,1.305656,1.533706,pre-inventory
1912,SSP3-7.0,1.559234,1.325697,0.233537,1.325697,1.559234,pre-inventory
1913,SSP3-7.0,1.589117,1.351338,0.237779,1.351338,1.589117,pre-inventory
1914,SSP3-7.0,1.621623,1.380529,0.241094,1.380529,1.621623,pre-inventory
1915,SSP3-7.0,1.656958,1.412406,0.244552,1.412406,1.656958,pre-inventory
1916,SSP3-7.0,1.693364,1.443675,0.249689,1.443675,1.693364,pre-inventory
1917,SSP3-7.0,1.728659,1.476542,0.252116,1.476542,1.728659,pre-inventory
1918,SSP3-7.0,1.761607,1.506138,0.25547,1.506138,1.761607,pre-inventory
1919,SSP3-7.0,1.79147,1.53294,0.25853,1.53294,1.79147,pre-inventory
1920,SSP3-7.0,1.818808,1.556377,0.262431,1.556377,1.818808,pre-inventory
1921,SSP3-7.0,1.843607,1.576792,0.266815,1.576792,1.843607,pre-inventory
1922,SSP3-7.0,1.867742,1.598084,0.269658,1.598084,1.867742,pre-inventory
1923,SSP3-7.0,1.893417,1.618957,0.27446,1.618957,1.893417,pre-inventory
1924,SSP3-7.0,1.920281,1.642291,0.27799,1.642291,1.920281,pre-inventory
1925,SSP3-7.0,1.944747,1.66233,0.282417,1.66233,1.944747,pre-inventory
1926,SSP3-7.0,1.968033,1.682936,0.285097,1.682936,1.968033,pre-inventory
1927,SSP3-7.0,1.990269,1.700611,0.289658,1.700611,1.990269,pre-inventory
1928,SSP3-7.0,2.010725,1.717144,0.293581,1.717144,2.010725,pre-inventory
1929,SSP3-7.0,2.028075,1.731912,0.296162,1.731912,2.028075,pre-inventory
1930,SSP3-7.0,2.043068,1.742334,0.300733,1.742334,2.043068,pre-inventory
1931,SSP3-7.0,2.053984,1.750697,0.303287,1.750697,2.053984,pre-inventory
1932,SSP3-7.0,2.064649,1.755452,0.309197,1.755452,2.064649,pre-inventory
1933,SSP3-7.0,2.07356,1.758047,0.315513,1.758047,2.07356,pre-inventory
1934,SSP3-7.0,2.083435,1.75784,0.325594,1.75784,2.083435,pre-inventory
1935,SSP3-7.0,2.093473,1.756532,0.336941,1.756532,2.093473,pre-inventory
1936,SSP3-7.0,2.103273,1.756404,0.346869,1.756404,2.103273,pre-inventory
1937,SSP3-7.0,2.115584,1.756268,0.359315,1.756268,2.115584,pre-inventory
1938,SSP3-7.0,2.129098,1.758643,0.370454,1.758643,2.129098,pre-inventory
1939,SSP3-7.0,2.147484,1.764251,0.383233,1.764251,2.147484,pre-inventory
1940,SSP3-7.0,2.167532,1.771817,0.395715,1.771817,2.167532,pre-inventory
1941,SSP3-7.0,2.24212,1.832546,0.409574,1.832546,2.24212,pre-inventory
1942,SSP3-7.0,2.403564,1.973902,0.429662,1.973902,2.403564,pre-inventory
1943,SSP3-7.0,2.636053,2.179616,0.456437,2.179616,2.636053,pre-inventory
1944,SSP3-7.0,2.912497,2.430879,0.481618,2.430879,2.912497,pre-inventory
1945,SSP3-7.0,3.215873,2.703676,0.512197,2.703676,3.215873,pre-inventory
1946,SSP3-7.0,3.522872,2.980032,0.54284,2.980032,3.522872,pre-inventory
1947,SSP3-7.0,3.815764,3.238734,0.577029,3.238734,3.815764,pre-inventory
1948,SSP3-7.0,4.068702,3.461908,0.606794,3.461908,4.068702,pre-inventory
1949,SSP3-7.0,4.264104,3.628919,0.635185,3.628919,4.264104,pre-inventory
1950,SSP3-7.0,4.378499,3.718148,0.66035,3.718148,4.378499,pre-inventory
1951,SSP3-7.0,4.44758,3.758339,0.689241,3.758339,4.44758,pre-inventory
1952,SSP3-7.0,4.514631,3.791693,0.722938,3.791693,4.514631,pre-inventory
1953,SSP3-7.0,4.585339,3.817763,0.767575,3.817763,4.585339,pre-inventory
1954,SSP3-7.0,4.658919,3.843738,0.81518,3.843738,4.658919,pre-inventory
1955,SSP3-7.0,4.738574,3.867767,0.870807,3.867767,4.738574,pre-inventory
1956,SSP3-7.0,4.819785,3.895597,0.924188,3.895597,4.819785,pre-inventory
1957,SSP3-7.0,4.906312,3.922005,0.984307,3.922005,4.906312,pre-inventory
1958,SSP3-7.0,5.002815,3.957337,1.045478,3.957337,5.002815,pre-inventory
1959,SSP3-7.0,5.106722,4.003444,1.103278,4.003444,5.106722,pre-inventory
1960,SSP3-7.0,5.222367,4.057507,1.16486,4.057507,5.222367,pre-inventory
1961,SSP3-7.0,5.570292,4.340348,1.229945,4.340348,5.570292,pre-inventory
1962,SSP3-7.0,5.779895,4.475612,1.304283,4.475612,5.779895,pre-inventory
1963,SSP3-7.0,5.976277,4.587625,1.388652,4.587625,5.976277,pre-inventory
1964,SSP3-7.0,6.199344,4.720826,1.478518,4.720826,6.199344,pre-inventory
1965,SSP3-7.0,6.46556,4.894107,1.571453,4.894107,6.46556,pre-inventory
1966,SSP3-7.0,6.773508,5.106725,1.666782,5.106725,6.773508,pre-inventory
1967,SSP3-7.0,7.041514,5.281761,1.759753,5.281761,7.041514,pre-inventory
1968,SSP3-7.0,7.256009,5.410965,1.845044,5.410965,7.256009,pre-inventory
1969,SSP3-7.0,7.435615,5.509087,1.926528,5.509087,7.435615,pre-inventory
1970,SSP3-7.0,7.406667,5.543288,1.86338,4.128631,5.992011,historical
1971,SSP3-7.0,7.32706,5.506025,1.821035,4.292148,6.113183,historical
1972,SSP3-7.0,7.746901,5.786713,1.960188,4.461821,6.42201,historical
1973,SSP3-7.0,7.93557,5.909077,2.026493,4.636546,6.663039,historical
1974,SSP3-7.0,7.909792,5.864346,2.045447,4.665762,6.711209,historical
1975,SSP3-7.0,8.180647,6.142078,2.038569,4.927838,6.966407,historical
1976,SSP3-7.0,8.409326,6.272089,2.137236,5.00441,7.141646,historical
1977,SSP3-7.0,8.640444,6.419868,2.220576,5.192597,7.413173,historical
1978,SSP3-7.0,8.837869,6.587857,2.250012,5.425788,7.675801,historical
1979,SSP3-7.0,9.123756,6.792047,2.331709,5.577634,7.909343,historical
1980,SSP3-7.0,9.227259,6.967747,2.259512,5.77441,8.033922,historical
1981,SSP3-7.0,9.121125,6.926315,2.19481,5.797197,7.992008,historical
1982,SSP3-7.0,9.494516,7.182765,2.311751,5.869672,8.181423,historical
1983,SSP3-7.0,9.530293,7.310411,2.219882,6.100115,8.319998,historical
1984,SSP3-7.0,9.421164,7.258571,2.162593,6.322644,8.485237,historical
1985,SSP3-7.0,9.421444,7.289194,2.13225,6.346536,8.478786,historical
1986,SSP3-7.0,9.620413,7.448308,2.172106,6.482335,8.654441,historical
1987,SSP3-7.0,9.977117,7.708137,2.26898,6.644871,8.913851,historical
1988,SSP3-7.0,9.72272,7.584863,2.137856,6.816883,8.95474,historical
1989,SSP3-7.0,9.842472,7.66958,2.172892,6.841175,9.014068,historical
1990,SSP3-7.0,9.862304,7.706154,2.15615,6.813726,8.969876,historical
1991,SSP3-7.0,9.968817,7.756719,2.212098,6.747573,8.95967,historical
1992,SSP3-7.0,9.990076,7.718604,2.271472,6.803906,9.075378,historical
1993,SSP3-7.0,9.915094,7.785309,2.129785,6.740246,8.870031,historical
1994,SSP3-7.0,10.121031,7.873424,2.247607,6.814373,9.06198,historical
1995,SSP3-7.0,10.218834,7.998906,2.219927,7.106967,9.326894,historical
1996,SSP3-7.0,10.278763,8.018429,2.260334,7.364034,9.624368,historical
1997,SSP3-7.0,10.59022,7.909805,2.680415,7.150494,9.830909,historical
1998,SSP3-7.0,10.128407,7.853927,2.27448,7.23892,9.5134,historical
1999,SSP3-7.0,9.868586,7.791749,2.076838,7.379368,9.456205,historical
2000,SSP3-7.0,9.603187,7.589667,2.01352,7.237487,9.251007,historical
2001,SSP3-7.0,9.722247,7.703435,2.018812,7.26962,9.288433,historical
2002,SSP3-7.0,9.991772,7.895321,2.096451,7.392974,9.489426,historical
2003,SSP3-7.0,10.099787,8.059591,2.040196,7.527689,9.567885,historical
2004,SSP3-7.0,10.354571,8.244367,2.110204,7.668044,9.778248,historical
2005,SSP3-7.0,10.516571,8.377955,2.138616,7.731216,9.869832,historical
2006,SSP3-7.0,10.802562,8.551614,2.250947,7.887915,10.138862,historical
2007,SSP3-7.0,10.363481,8.224693,2.138788,8.053608,10.192396,historical
2008,SSP3-7.0,10.429681,8.461749,1.967932,8.04617,10.014103,historical
2009,SSP3-7.0,10.546742,8.610838,1.935903,8.17646,10.112364,historical
2010,SSP3-7.0,10.539817,8.60331,1.936507,8.371607,10.308114,historical
2011,SSP3-7.0,10.446428,8.496913,1.949515,8.532201,10.481716,historical
2012,SSP3-7.0,10.593898,8.637072,1.956826,8.574646,10.531472,historical
2013,SSP3-7.0,10.759047,8.792289,1.966758,8.677488,10.644245,historical
2014,SSP3-7.0,10.866284,8.912952,1.953331,8.748905,10.702236,historical
2015,SSP3-7.0,10.9,8.940608,1.959392,8.725336,10.684728,historical
2016,SSP3-7.0,11.074986,9.084138,1.990848,8.815656,10.806504,historical
2017,SSP3-7.0,11.249972,9.227669,2.022303,8.938529,10.960833,historical
2018,SSP3-7.0,11.424958,9.371199,2.053759,8.874295,10.928054,historical
2019,SSP3-7.0,11.599944,9.514729,2.085215,8.809105,10.894319,historical
2020,SSP3-7.0,11.77493,9.65826,2.11667,10.173917,12.290587,scenario
2021,SSP3-7.0,11.926617,9.78268,2.143938,10.506202,12.65014,scenario
2022,SSP3-7.0,12.078305,9.9071,2.171205,10.775085,12.94629,scenario
2023,SSP3-7.0,12.229992,10.03152,2.198473,11.137869,13.336342,scenario
2024,SSP3-7.0,12.38168,10.15594,2.22574,11.418332,13.644072,scenario
2025,SSP3-7.0,12.533368,10.28036,2.253008,11.605754,13.858762,scenario
2026,SSP3-7.0,12.685055,10.40478,2.280275,11.821952,14.102227,scenario
2027,SSP3-7.0,12.836743,10.5292,2.307542,12.035739,14.343281,scenario
2028,SSP3-7.0,12.98843,10.65362,2.33481,12.244844,14.579654,scenario
2029,SSP3-7.0,13.140118,10.77804,2.362077,12.490633,14.852711,scenario
2030,SSP3-7.0,13.291805,10.90246,2.389345,12.730488,15.119833,scenario
2031,SSP3-7.0,13.415286,11.003744,2.411542,13.002881,15.414422,scenario
2032,SSP3-7.0,13.538766,11.105027,2.433739,13.214491,15.64823,scenario
2033,SSP3-7.0,13.662247,11.206311,2.455936,13.434508,15.890443,scenario
2034,SSP3-7.0,13.785727,11.307595,2.478133,13.621061,16.099194,scenario
2035,SSP3-7.0,13.909208,11.408878,2.50033,13.819265,16.319594,scenario
2036,SSP3-7.0,14.032688,11.510162,2.522527,14.188641,16.711167,scenario
2037,SSP3-7.0,14.156169,11.611445,2.544723,14.77858,17.323303,scenario
2038,SSP3-7.0,14.279649,11.712729,2.56692,15.403033,17.969953,scenario
2039,SSP3-7.0,14.40313,11.814012,2.589117,16.100989,18.690107,scenario
2040,SSP3-7.0,14.52661,11.915296,2.611314,16.523142,19.134457,scenario
2041,SSP3-7.0,14.63744,12.006203,2.631237,16.675791,19.307028,scenario
2042,SSP3-7.0,14.748271,12.09711,2.65116,16.785855,19.437015,scenario
2043,SSP3-7.0,14.859101,12.188018,2.671083,16.903274,19.574357,scenario
2044,SSP3-7.0,14.969931,12.278925,2.691006,17.093637,19.784643,scenario
2045,SSP3-7.0,15.080761,12.369832,2.710929,17.281803,19.992732,scenario
2046,SSP3-7.0,15.191591,12.460739,2.730852,17.464444,20.195296,scenario
2047,SSP3-7.0,15.302421,12.551647,2.750775,17.639411,20.390186,scenario
2048,SSP3-7.0,15.413251,12.642554,2.770698,17.789866,20.560564,scenario
2049,SSP3-7.0,15.524082,12.733461,2.790621,17.919855,20.710476,scenario
2050,SSP3-7.0,15.634912,12.824368,2.810543,18.054494,20.865037,scenario
2051,SSP3-7.0,15.735216,12.906642,2.828574,18.195025,21.023599,scenario
2052,SSP3-7.0,15.83552,12.988915,2.846605,18.339669,21.186274,scenario
2053,SSP3-7.0,15.935825,13.071189,2.864636,18.472494,21.337129,scenario
2054,SSP3-7.0,16.036129,13.153463,2.882667,18.605261,21.487928,scenario
2055,SSP3-7.0,16.136434,13.235736,2.900697,18.782837,21.683534,scenario
2056,SSP3-7.0,16.236738,13.31801,2.918728,18.917763,21.836491,scenario
2057,SSP3-7.0,16.337042,13.400283,2.936759,19.037221,21.97398,scenario
2058,SSP3-7.0,16.437347,13.482557,2.95479,19.239334,22.194124,scenario
2059,SSP3-7.0,16.537651,13.564831,2.972821,19.497125,22.469945,scenario
2060,SSP3-7.0,16.637955,13.647104,2.990851,19.865686,22.856537,scenario
2061,SSP3-7.0,16.73659,13.728008,3.008582,20.206106,23.214688,scenario
2062,SSP3-7.0,16.835225,13.808912,3.026313,20.517893,23.544206,scenario
2063,SSP3-7.0,16.933859,13.889816,3.044043,20.860015,23.904058,scenario
2064,SSP3-7.0,17.032494,13.97072,3.061774,21.077278,24.139052,scenario
2065,SSP3-7.0,17.131128,14.051624,3.079504,21.210458,24.289962,scenario
2066,SSP3-7.0,17.229763,14.132528,3.097235,21.33556,24.432795,scenario
2067,SSP3-7.0,17.328398,14.213432,3.114966,21.509365,24.62433,scenario
2068,SSP3-7.0,17.427032,14.294336,3.132696,21.675166,24.807863,scenario
2069,SSP3-7.0,17.525667,14.37524,3.150427,21.815309,24.965736,scenario
2070,SSP3-7.0,17.624301,14.456144,3.168158,21.911124,25.079282,scenario
2071,SSP3-7.0,17.719982,14.534625,3.185357,21.99108,25.176437,scenario
2072,SSP3-7.0,17.815662,14.613106,3.202557,22.189886,25.392443,scenario
2073,SSP3-7.0,17.911343,14.691587,3.219756,22.295016,25.514772,scenario
2074,SSP3-7.0,18.007024,14.770068,3.236956,22.408894,25.64585,scenario
2075,SSP3-7.0,18.102704,14.848548,3.254156,22.563379,25.817534,scenario
2076,SSP3-7.0,18.198385,14.927029,3.271355,22.779633,26.050988,scenario
2077,SSP3-7.0,18.294065,15.00551,3.288555,23.008719,26.297274,scenario
2078,SSP3-7.0,18.389746,15.083991,3.305754,23.255971,26.561725,scenario
2079,SSP3-7.0,18.485426,15.162472,3.322954,23.407512,26.730466,scenario
2080,SSP3-7.0,18.581107,15.240953,3.340154,23.565107,26.905261,scenario
2081,SSP3-7.0,18.685672,15.326722,3.35895,23.708492,27.067442,scenario
2082,SSP3-7.0,18.790237,15.41249,3.377747,23.856255,27.234002,scenario
2083,SSP3-7.0,18.894803,15.498259,3.396544,23.959315,27.355859,scenario
2084,SSP3-7.0,18.999368,15.584027,3.415341,24.058016,27.473357,scenario
2085,SSP3-7.0,19.103933,15.669796,3.434137,24.236243,27.67038,scenario
2086,SSP3-7.0,19.208498,15.755564,3.452934,24.366823,27.819757,scenario
2087,SSP3-7.0,19.313063,15.841332,3.471731,24.593916,28.065647,scenario
2088,SSP3-7.0,19.417628,15.927101,3.490527,24.74849,28.239017,scenario
2089,SSP3-7.0,19.522194,16.012869,3.509324,24.876728,28.386052,scenario
2090,SSP3-7.0,19.626759,16.098638,3.528121,24.937219,28.46534,scenario
2091,SSP3-7.0,19.729491,16.182903,3.546588,24.980232,28.526821,scenario
2092,SSP3-7.0,19.832224,16.267168,3.565055,25.046347,28.611402,scenario
2093,SSP3-7.0,19.934956,16.351434,3.583523,25.043931,28.627454,scenario
2094,SSP3-7.0,20.037689,16.435699,3.60199,25.261337,28.863327,scenario
2095,SSP3-7.0,20.140421,16.519964,3.620457,25.3912,29.011658,scenario
2096,SSP3-7.0,20.243154,16.604229,3.638925,25.546625,29.18555,scenario
2097,SSP3-7.0,20.345887,16.688495,3.657392,25.65342,29.310812,scenario
2098,SSP3-7.0,20.448619,16.77276,3.675859,25.784914,29.460773,scenario
2099,SSP3-7.0,20.551352,16.857025,3.694326,25.882173,29.5765,scenario
2100,SSP3-7.0,20.654084,16.941291,3.712794,26.002899,29.715693,scenario
1900,SSP4-6.0,1.356163,1.189643,0.16652,1.189643,1.356163,pre-inventory
1901,SSP4-6.0,1.369103,1.197525,0.171579,1.197525,1.369103,pre-inventory
1902,SSP4-6.0,1.384515,1.208382,0.176133,1.208382,1.384515,pre-inventory
1903,SSP4-6.0,1.399355,1.21679,0.182566,1.21679,1.399355,pre-inventory
1904,SSP4-6.0,1.415598,1.227676,0.187922,1.227676,1.415598,pre-inventory
1905,SSP4-6.0,1.432563,1.237013,0.19555,1.237013,1.432563,pre-inventory
1906,SSP4-6.0,1.449952,1.247545,0.202407,1.247545,1.449952,pre-inventory
1907,SSP4-6.0,1.466752,1.25822,0.208532,1.25822,1.466752,pre-inventory
1908,SSP4-6.0,1.483125,1.269081,0.214044,1.269081,1.483125,pre-inventory
1909,SSP4-6.0,1.499101,1.279904,0.219197,1.279904,1.499101,pre-inventory
1910,SSP4-6.0,1.515945,1.289783,0.226162,1.289783,1.515945,pre-inventory
1911,SSP4-6.0,1.533706,1.305656,0.22805,1.305656,1.533706,pre-inventory
1912,SSP4-6.0,1.559234,1.325697,0.233537,1.325697,1.559234,pre-inventory
1913,SSP4-6.0,1.589117,1.351338,0.237779,1.351338,1.589117,pre-inventory
1914,SSP4-6.0,1.621623,1.380529,0.241094,1.380529,1.621623,pre-inventory
1915,SSP4-6.0,1.656958,1.412406,0.244552,1.412406,1.656958,pre-inventory
1916,SSP4-6.0,1.693364,1.443675,0.249689,1.443675,1.693364,pre-inventory
1917,SSP4-6.0,1.728659,1.476542,0.252116,1.476542,1.728659,pre-inventory
1918,SSP4-6.0,1.761607,1.506138,0.25547,1.506138,1.761607,pre-inventory
1919,SSP4-6.0,1.79147,1.53294,0.25853,1.53294,1.79147,pre-inventory
1920,SSP4-6.0,1.818808,1.556377,0.262431,1.556377,1.818808,pre-inventory
1921,SSP4-6.0,1.843607,1.576792,0.266815,1.576792,1.843607,pre-inventory
1922,SSP4-6.0,1.867742,1.598084,0.269658,1.598084,1.867742,pre-inventory
1923,SSP4-6.0,1.893417,1.618957,0.27446,1.618957,1.893417,pre-inventory
1924,SSP4-6.0,1.920281,1.642291,0.27799,1.642291,1.920281,pre-inventory
1925,SSP4-6.0,1.944747,1.66233,0.282417,1.66233,1.944747,pre-inventory
1926,SSP4-6.0,1.968033,1.682936,0.285097,1.682936,1.968033,pre-inventory
1927,SSP4-6.0,1.990269,1.700611,0.289658,1.700611,1.990269,pre-inventory
1928,SSP4-6.0,2.010725,1.717144,0.293581,1.717144,2.010725,pre-inventory
1929,SSP4-6.0,2.028075,1.731912,0.296162,1.731912,2.028075,pre-inventory
1930,SSP4-6.0,2.043068,1.742334,0.300733,1.742334,2.043068,pre-inventory
1931,SSP4-6.0,2.053984,1.750697,0.303287,1.750697,2.053984,pre-inventory
1932,SSP4-6.0,2.064649,1.755452,0.309197,1.755452,2.064649,pre-inventory
1933,SSP4-6.0,2.07356,1.758047,0.315513,1.758047,2.07356,pre-inventory
1934,SSP4-6.0,2.083435,1.75784,0.325594,1.75784,2.083435,pre-inventory
1935,SSP4-6.0,2.093473,1.756532,0.336941,1.756532,2.093473,pre-inventory
1936,SSP4-6.0,2.103273,1.756404,0.346869,1.756404,2.103273,pre-inventory
1937,SSP4-6.0,2.115584,1.756268,0.359315,1.756268,2.115584,pre-inventory
1938,SSP4-6.0,2.129098,1.758643,0.370454,1.758643,2.129098,pre-inventory
1939,SSP4-6.0,2.147484,1.764251,0.383233,1.764251,2.147484,pre-inventory
1940,SSP4-6.0,2.167532,1.771817,0.395715,1.771817,2.167532,pre-inventory
1941,SSP4-6.0,2.24212,1.832546,0.409574,1.832546,2.24212,pre-inventory
1942,SSP4-6.0,2.403564,1.973902,0.429662,1.973902,2.403564,pre-inventory
1943,SSP4-6.0,2.636053,2.179616,0.456437,2.179616,2.636053,pre-inventory
1944,SSP4-6.0,2.912497,2.430879,0.481618,2.430879,2.912497,pre-inventory
1945,SSP4-6.0,3.215873,2.703676,0.512197,2.703676,3.215873,pre-inventory
1946,SSP4-6.0,3.522872,2.980032,0.54284,2.980032,3.522872,pre-inventory
1947,SSP4-6.0,3.815764,3.238734,0.577029,3.238734,3.815764,pre-inventory
1948,SSP4-6.0,4.068702,3.461908,0.606794,3.461908,4.068702,pre-inventory
1949,SSP4-6.0,4.264104,3.628919,0.635185,3.628919,4.264104,pre-inventory
1950,SSP4-6.0,4.378499,3.718148,0.66035,3.718148,4.378499,pre-inventory
1951,SSP4-6.0,4.44758,3.758339,0.689241,3.758339,4.44758,pre-inventory
1952,SSP4-6.0,4.514631,3.791693,0.722938,3.791693,4.514631,pre-inventory
1953,SSP4-6.0,4.585339,3.817763,0.767575,3.817763,4.585339,pre-inventory
1954,SSP4-6.0,4.658919,3.843738,0.81518,3.843738,4.658919,pre-inventory
1955,SSP4-6.0,4.738574,3.867767,0.870807,3.867767,4.738574,pre-inventory
1956,SSP4-6.0,4.819785,3.895597,0.924188,3.895597,4.819785,pre-inventory
1957,SSP4-6.0,4.906312,3.922005,0.984307,3.922005,4.906312,pre-inventory
1958,SSP4-6.0,5.002815,3.957337,1.045478,3.957337,5.002815,pre-inventory
1959,SSP4-6.0,5.106722,4.003444,1.103278,4.003444,5.106722,pre-inventory
1960,SSP4-6.0,5.222367,4.057507,1.16486,4.057507,5.222367,pre-inventory
1961,SSP4-6.0,5.570292,4.340348,1.229945,4.340348,5.570292,pre-inventory
1962,SSP4-6.0,5.779895,4.475612,1.304283,4.475612,5.779895,pre-inventory
1963,SSP4-6.0,5.976277,4.587625,1.388652,4.587625,5.976277,pre-inventory
1964,SSP4-6.0,6.199344,4.720826,1.478518,4.720826,6.199344,pre-inventory
1965,SSP4-6.0,6.46556,4.894107,1.571453,4.894107,6.46556,pre-inventory
1966,SSP4-6.0,6.773508,5.106725,1.666782,5.106725,6.773508,pre-inventory
1967,SSP4-6.0,7.041514,5.281761,1.759753,5.281761,7.041514,pre-inventory
1968,SSP4-6.0,7.256009,5.410965,1.845044,5.410965,7.256009,pre-inventory
1969,SSP4-6.0,7.435615,5.509087,1.926528,5.509087,7.435615,pre-inventory
1970,SSP4-6.0,7.406667,5.543288,1.86338,4.128631,5.992011,historical
1971,SSP4-6.0,7.32706,5.506025,1.821035,4.292148,6.113183,historical
1972,SSP4-6.0,7.746901,5.786713,1.960188,4.461821,6.42201,historical
1973,SSP4-6.0,7.93557,5.909077,2.026493,4.636546,6.663039,historical
1974,SSP4-6.0,7.909792,5.864346,2.045447,4.665762,6.711209,historical
1975,SSP4-6.0,8.180647,6.142078,2.038569,4.927838,6.966407,historical
1976,SSP4-6.0,8.409326,6.272089,2.137236,5.00441,7.141646,historical
1977,SSP4-6.0,8.640444,6.419868,2.220576,5.192597,7.413173,historical
1978,SSP4-6.0,8.837869,6.587857,2.250012,5.425788,7.675801,historical
1979,SSP4-6.0,9.123756,6.792047,2.331709,5.577634,7.909343,historical
1980,SSP4-6.0,9.227259,6.967747,2.259512,5.77441,8.033922,historical
1981,SSP4-6.0,9.121125,6.926315,2.19481,5.797197,7.992008,historical
1982,SSP4-6.0,9.494516,7.182765,2.311751,5.869672,8.181423,historical
1983,SSP4-6.0,9.530293,7.310411,2.219882,6.100115,8.319998,historical
1984,SSP4-6.0,9.421164,7.258571,2.162593,6.322644,8.485237,historical
1985,SSP4-6.0,9.421444,7.289194,2.13225,6.346536,8.478786,historical
1986,SSP4-6.0,9.620413,7.448308,2.172106,6.482335,8.654441,historical
1987,SSP4-6.0,9.977117,7.708137,2.26898,6.644871,8.913851,historical
1988,SSP4-6.0,9.72272,7.584863,2.137856,6.816883,8.95474,historical
1989,SSP4-6.0,9.842472,7.66958,2.172892,6.841175,9.014068,historical
1990,SSP4-6.0,9.862304,7.706154,2.15615,6.813726,8.969876,historical
1991,SSP4-6.0,9.968817,7.756719,2.212098,6.747573,8.95967,historical
1992,SSP4-6.0,9.990076,7.718604,2.271472,6.803906,9.075378,historical
1993,SSP4-6.0,9.915094,7.785309,2.129785,6.740246,8.870031,historical
1994,SSP4-6.0,10.121031,7.873424,2.247607,6.814373,9.06198,historical
1995,SSP4-6.0,10.218834,7.998906,2.219927,7.106967,9.326894,historical
1996,SSP4-6.0,10.278763,8.018429,2.260334,7.364034,9.624368,historical
1997,SSP4-6.0,10.59022,7.909805,2.680415,7.150494,9.830909,historical
1998,SSP4-6.0,10.128407,7.853927,2.27448,7.23892,9.5134,historical
1999,SSP4-6.0,9.868586,7.791749,2.076838,7.379368,9.456205,historical
2000,SSP4-6.0,9.603187,7.589667,2.01352,7.237487,9.251007,historical
2001,SSP4-6.0,9.722247,7.703435,2.018812,7.26962,9.288433,historical
2002,SSP4-6.0,9.991772,7.895321,2.096451,7.392974,9.489426,historical
2003,SSP4-6.0,10.099787,8.059591,2.040196,7.527689,9.567885,historical
2004,SSP4-6.0,10.354571,8.244367,2.110204,7.668044,9.778248,historical
2005,SSP4-6.0,10.516571,8.377955,2.138616,7.731216,9.869832,historical
2006,SSP4-6.0,10.802562,8.551614,2.250947,7.887915,10.138862,historical
2007,SSP4-6.0,10.363481,8.224693,2.138788,8.053608,10.192396,historical
2008,SSP4-6.0,10.429681,8.461749,1.967932,8.04617,10.014103,historical
2009,SSP4-6.0,10.546742,8.610838,1.935903,8.17646,10.112364,historical
2010,SSP4-6.0,10.539817,8.60331,1.936507,8.371607,10.308114,historical
2011,SSP4-6.0,10.446428,8.496913,1.949515,8.532201,10.481716,historical
2012,SSP4-6.0,10.593898,8.637072,1.956826,8.574646,10.531472,historical
2013,SSP4-6.0,10.759047,8.792289,1.966758,8.677488,10.644245,historical
2014,SSP4-6.0,10.866284,8.912952,1.953331,8.748905,10.702236,historical
2015,SSP4-6.0,10.9,8.940608,1.959392,8.725336,10.684728,historical
2016,SSP4-6.0,10.940496,8.973824,1.966672,8.815656,10.782328,historical
2017,SSP4-6.0,10.980992,9.007041,1.973951,8.938529,10.912481,historical
2018,SSP4-6.0,11.021488,9.040257,1.981231,8.874295,10.855526,historical
2019,SSP4-6.0,11.061984,9.073474,1.988511,8.809105,10.797615,historical
2020,SSP4-6.0,11.10248,9.10669,1.99579,10.240087,12.235877,scenario
2021,SSP4-6.0,11.296244,9.265622,2.030621,10.302004,12.332626,scenario
2022,SSP4-6.0,11.490007,9.424554,2.065452,10.412386,12.477838,scenario
2023,SSP4-6.0,11.68377,9.583487,2.100283,10.614005,12.714288,scenario
2024,SSP4-6.0,11.877533,9.742419,2.135114,10.773576,12.90869,scenario
2025,SSP4-6.0,12.071296,9.901351,2.169945,10.834647,13.004593,scenario
2026,SSP4-6.0,12.265059,10.060283,2.204776,10.913767,13.118543,scenario
2027,SSP4-6.0,12.458822,10.219215,2.239607,11.011005,13.250612,scenario
2028,SSP4-6.0,12.652586,10.378147,2.274438,11.096544,13.370982,scenario
2029,SSP4-6.0,12.846349,10.53708,2.309269,11.163614,13.472883,scenario
2030,SSP4-6.0,13.040112,10.696012,2.3441,11.259274,13.603375,scenario
2031,SSP4-6.0,13.133594,10.772689,2.360905,11.362067,13.722972,scenario
2032,SSP4-6.0,13.227075,10.849366,2.377709,11.433103,13.810812,scenario
2033,SSP4-6.0,13.320557,10.926044,2.394513,11.466497,13.86101,scenario
2034,SSP4-6.0,13.414039,11.002721,2.411318,11.466497,13.877814,scenario
2035,SSP4-6.0,13.50752,11.079398,2.428122,11.461504,13.889626,scenario
2036,SSP4-6.0,13.601002,11.156076,2.444926,11.438985,13.883912,scenario
2037,SSP4-6.0,13.694484,11.232753,2.461731,11.414369,13.876099,scenario
2038,SSP4-6.0,13.787966,11.309431,2.478535,11.431165,13.9097,scenario
2039,SSP4-6.0,13.881447,11.386108,2.495339,11.466628,13.961967,scenario
2040,SSP4-6.0,13.974929,11.462785,2.512144,11.482618,13.994762,scenario
2041,SSP4-6.0,14.03389,11.511147,2.522743,11.53511,14.057853,scenario
2042,SSP4-6.0,14.09285,11.559509,2.533341,11.600968,14.134309,scenario
2043,SSP4-6.0,14.151811,11.607871,2.54394,11.656684,14.200625,scenario
2044,SSP4-6.0,14.210772,11.656233,2.554539,11.736005,14.290544,scenario
2045,SSP4-6.0,14.269732,11.704594,2.565138,11.819193,14.384331,scenario
2046,SSP4-6.0,14.328693,11.752956,2.575737,11.911768,14.487505,scenario
2047,SSP4-6.0,14.387653,11.801318,2.586335,11.94599,14.532326,scenario
2048,SSP4-6.0,14.446614,11.84968,2.596934,11.986985,14.583919,scenario
2049,SSP4-6.0,14.505575,11.898042,2.607533,12.139677,14.74721,scenario
2050,SSP4-6.0,14.564535,11.946404,2.618132,12.394183,15.012315,scenario
2051,SSP4-6.0,14.607449,11.981603,2.625846,13.037131,15.662977,scenario
2052,SSP4-6.0,14.650362,12.016802,2.63356,13.922532,16.556092,scenario
2053,SSP4-6.0,14.693275,12.052001,2.641274,14.28127,16.922544,scenario
2054,SSP4-6.0,14.736188,12.0872,2.648988,14.406975,17.055963,scenario
2055,SSP4-6.0,14.779101,12.122399,2.656702,14.566918,17.22362,scenario
2056,SSP4-6.0,14.822014,12.157598,2.664416,14.724397,17.388814,scenario
2057,SSP4-6.0,14.864928,12.192797,2.672131,14.859063,17.531194,scenario
2058,SSP4-6.0,14.907841,12.227996,2.679845,14.946334,17.626178,scenario
2059,SSP4-6.0,14.950754,12.263195,2.687559,15.022352,17.709911,scenario
2060,SSP4-6.0,14.993667,12.298394,2.695273,15.090819,17.786092,scenario
2061,SSP4-6.0,15.020088,12.320066,2.700022,15.163424,17.863446,scenario
2062,SSP4-6.0,15.04651,12.341738,2.704772,15.273777,17.978549,scenario
2063,SSP4-6.0,15.072931,12.363409,2.709521,15.336942,18.046464,scenario
2064,SSP4-6.0,15.099352,12.385081,2.714271,15.432514,18.146785,scenario
2065,SSP4-6.0,15.125773,12.406753,2.71902,15.543525,18.262545,scenario
2066,SSP4-6.0,15.152194,12.428425,2.72377,15.672512,18.396282,scenario
2067,SSP4-6.0,15.178616,12.450096,2.728519,15.779841,18.50836,scenario
2068,SSP4-6.0,15.205037,12.471768,2.733269,15.909799,18.643068,scenario
2069,SSP4-6.0,15.231458,12.49344,2.738018,16.013562,18.75158,scenario
2070,SSP4-6.0,15.257879,12.515111,2.742768,16.106441,18.849209,scenario
2071,SSP4-6.0,15.271732,12.526474,2.745258,16.234262,18.97952,scenario
2072,SSP4-6.0,15.285584,12.537836,2.747748,16.347414,19.095162,scenario
2073,SSP4-6.0,15.299437,12.549198,2.750238,16.482465,19.232703,scenario
2074,SSP4-6.0,15.313289,12.560561,2.752728,16.592452,19.34518,scenario
2075,SSP4-6.0,15.327141,12.571923,2.755218,16.716137,19.471356,scenario
2076,SSP4-6.0,15.340994,12.583285,2.757709,16.804249,19.561957,scenario
2077,SSP4-6.0,15.354846,12.594648,2.760199,16.866904,19.627103,scenario
2078,SSP4-6.0,15.368699,12.60601,2.762689,16.896239,19.658927,scenario
2079,SSP4-6.0,15.382551,12.617372,2.765179,16.896016,19.661195,scenario
2080,SSP4-6.0,15.396403,12.628734,2.767669,16.894583,19.662252,scenario
2081,SSP4-6.0,15.424459,12.651747,2.772712,16.883182,19.655894,scenario
2082,SSP4-6.0,15.452515,12.674759,2.777756,16.8928,19.670556,scenario
2083,SSP4-6.0,15.48057,12.697771,2.782799,16.882788,19.665587,scenario
2084,SSP4-6.0,15.508626,12.720784,2.787842,16.860927,19.648769,scenario
2085,SSP4-6.0,15.536682,12.743796,2.792886,16.836705,19.62959,scenario
2086,SSP4-6.0,15.564737,12.766808,2.797929,16.834286,19.632215,scenario
2087,SSP4-6.0,15.592793,12.789821,2.802972,16.842546,19.645518,scenario
2088,SSP4-6.0,15.620848,12.812833,2.808015,16.874889,19.682905,scenario
2089,SSP4-6.0,15.648904,12.835845,2.813059,16.89481,19.707868,scenario
2090,SSP4-6.0,15.67696,12.858858,2.818102,16.967524,19.785626,scenario
2091,SSP4-6.0,15.710239,12.886155,2.824084,17.022896,19.846981,scenario
2092,SSP4-6.0,15.743519,12.913452,2.830067,17.077398,19.907465,scenario
2093,SSP4-6.0,15.776798,12.940749,2.836049,17.103498,19.939547,scenario
2094,SSP4-6.0,15.810078,12.968046,2.842031,17.087257,19.929289,scenario
2095,SSP4-6.0,15.843357,12.995343,2.848014,17.048955,19.896969,scenario
2096,SSP4-6.0,15.876636,13.02264,2.853996,17.01286,19.866856,scenario
2097,SSP4-6.0,15.909916,13.049937,2.859978,16.99595,19.855928,scenario
2098,SSP4-6.0,15.943195,13.077235,2.865961,16.974895,19.840856,scenario
2099,SSP4-6.0,15.976475,13.104532,2.871943,17.025312,19.897255,scenario
2100,SSP4-6.0,16.009754,13.131829,2.877925,17.058339,19.936265,scenario
1900,SSP5-8.5,1.356163,1.189643,0.16652,1.189643,1.356163,pre-inventory
1901,SSP5-8.5,1.369103,1.197525,0.171579,1.197525,1.369103,pre-inventory
1902,SSP5-8.5,1.384515,1.208382,0.176133,1.208382,1.384515,pre-inventory
1903,SSP5-8.5,1.399355,1.21679,0.182566,1.21679,1.399355,pre-inventory
1904,SSP5-8.5,1.415598,1.227676,0.187922,1.227676,1.415598,pre-inventory
1905,SSP5-8.5,1.432563,1.237013,0.19555,1.237013,1.432563,pre-inventory
1906,SSP5-8.5,1.449952,1.247545,0.202407,1.247545,1.449952,pre-inventory
1907,SSP5-8.5,1.466752,1.25822,0.208532,1.25822,1.466752,pre-inventory
1908,SSP5-8.5,1.483125,1.269081,0.214044,1.269081,1.483125,pre-inventory
1909,SSP5-8.5,1.499101,1.279904,0.219197,1.279904,1.499101,pre-inventory
1910,SSP5-8.5,1.515945,1.289783,0.226162,1.289783,1.515945,pre-inventory
1911,SSP5-8.5,1.533706,1.305656,0.22805,1.305656,1.533706,pre-inventory
1912,SSP5-8.5,1.559234,1.325697,0.233537,1.325697,1.559234,pre-inventory
1913,SSP5-8.5,1.589117,1.351338,0.237779,1.351338,1.589117,pre-inventory
1914,SSP5-8.5,1.621623,1.380529,0.241094,1.380529,1.621623,pre-inventory
1915,SSP5-8.5,1.656958,1.412406,0.244552,1.412406,1.656958,pre-inventory
1916,SSP5-8.5,1.693364,1.443675,0.249689,1.443675,1.693364,pre-inventory
1917,SSP5-8.5,1.728659,1.476542,0.252116,1.476542,1.728659,pre-inventory
1918,SSP5-8.5,1.761607,1.506138,0.25547,1.506138,1.761607,pre-inventory
1919,SSP5-8.5,1.79147,1.53294,0.25853,1.53294,1.79147,pre-inventory
1920,SSP5-8.5,1.818808,1.556377,0.262431,1.556377,1.818808,pre-inventory
1921,SSP5-8.5,1.843607,1.576792,0.266815,1.576792,1.843607,pre-inventory
1922,SSP5-8.5,1.867742,1.598084,0.269658,1.598084,1.867742,pre-inventory
1923,SSP5-8.5,1.893417,1.618957,0.27446,1.618957,1.893417,pre-inventory
1924,SSP5-8.5,1.920281,1.642291,0.27799,1.642291,1.920281,pre-inventory
1925,SSP5-8.5,1.944747,1.66233,0.282417,1.66233,1.944747,pre-inventory
1926,SSP5-8.5,1.968033,1.682936,0.285097,1.682936,1.968033,pre-inventory
1927,SSP5-8.5,1.990269,1.700611,0.289658,1.700611,1.990269,pre-inventory
1928,SSP5-8.5,2.010725,1.717144,0.293581,1.717144,2.010725,pre-inventory
1929,SSP5-8.5,2.028075,1.731912,0.296162,1.731912,2.028075,pre-inventory
1930,SSP5-8.5,2.043068,1.742334,0.300733,1.742334,2.043068,pre-inventory
1931,SSP5-8.5,2.053984,1.750697,0.303287,1.750697,2.053984,pre-inventory
1932,SSP5-8.5,2.064649,1.755452,0.309197,1.755452,2.064649,pre-inventory
1933,SSP5-8.5,2.07356,1.758047,0.315513,1.758047,2.07356,pre-inventory
1934,SSP5-8.5,2.083435,1.75784,0.325594,1.75784,2.083435,pre-inventory
1935,SSP5-8.5,2.093473,1.756532,0.336941,1.756532,2.093473,pre-inventory
1936,SSP5-8.5,2.103273,1.756404,0.346869,1.756404,2.103273,pre-inventory
1937,SSP5-8.5,2.115584,1.756268,0.359315,1.756268,2.115584,pre-inventory
1938,SSP5-8.5,2.129098,1.758643,0.370454,1.758643,2.129098,pre-inventory
1939,SSP5-8.5,2.147484,1.764251,0.383233,1.764251,2.147484,pre-inventory
1940,SSP5-8.5,2.167532,1.771817,0.395715,1.771817,2.167532,pre-inventory
1941,SSP5-8.5,2.24212,1.832546,0.409574,1.832546,2.24212,pre-inventory
1942,SSP5-8.5,2.403564,1.973902,0.429662,1.973902,2.403564,pre-inventory
1943,SSP5-8.5,2.636053,2.179616,0.456437,2.179616,2.636053,pre-inventory
1944,SSP5-8.5,2.912497,2.430879,0.481618,2.430879,2.912497,pre-inventory
1945,SSP5-8.5,3.215873,2.703676,0.512197,2.703676,3.215873,pre-inventory
1946,SSP5-8.5,3.522872,2.980032,0.54284,2.980032,3.522872,pre-inventory
1947,SSP5-8.5,3.815764,3.238734,0.577029,3.238734,3.815764,pre-inventory
1948,SSP5-8.5,4.068702,3.461908,0.606794,3.461908,4.068702,pre-inventory
1949,SSP5-8.5,4.264104,3.628919,0.635185,3.628919,4.264104,pre-inventory
1950,SSP5-8.5,4.378499,3.718148,0.66035,3.718148,4.378499,pre-inventory
1951,SSP5-8.5,4.44758,3.758339,0.689241,3.758339,4.44758,pre-inventory
1952,SSP5-8.5,4.514631,3.791693,0.722938,3.791693,4.514631,pre-inventory
1953,SSP5-8.5,4.585339,3.817763,0.767575,3.817763,4.585339,pre-inventory
1954,SSP5-8.5,4.658919,3.843738,0.81518,3.843738,4.658919,pre-inventory
1955,SSP5-8.5,4.738574,3.867767,0.870807,3.867767,4.738574,pre-inventory
1956,SSP5-8.5,4.819785,3.895597,0.924188,3.895597,4.819785,pre-inventory
1957,SSP5-8.5,4.906312,3.922005,0.984307,3.922005,4.906312,pre-inventory
1958,SSP5-8.5,5.002815,3.957337,1.045478,3.957337,5.002815,pre-inventory
1959,SSP5-8.5,5.106722,4.003444,1.103278,4.003444,5.106722,pre-inventory
1960,SSP5-8.5,5.222367,4.057507,1.16486,4.057507,5.222367,pre-inventory
1961,SSP5-8.5,5.570292,4.340348,1.229945,4.340348,5.570292,pre-inventory
1962,SSP5-8.5,5.779895,4.475612,1.304283,4.475612,5.779895,pre-inventory
1963,SSP5-8.5,5.976277,4.587625,1.388652,4.587625,5.976277,pre-inventory
1964,SSP5-8.5,6.199344,4.720826,1.478518,4.720826,6.199344,pre-inventory
1965,SSP5-8.5,6.46556,4.894107,1.571453,4.894107,6.46556,pre-inventory
1966,SSP5-8.5,6.773508,5.106725,1.666782,5.106725,6.773508,pre-inventory
1967,SSP5-8.5,7.041514,5.281761,1.759753,5.281761,7.041514,pre-inventory
1968,SSP5-8.5,7.256009,5.410965,1.845044,5.410965,7.256009,pre-inventory
1969,SSP5-8.5,7.435615,5.509087,1.926528,5.509087,7.435615,pre-inventory
1970,SSP5-8.5,7.406667,5.543288,1.86338,4.128631,5.992011,historical
1971,SSP5-8.5,7.32706,5.506025,1.821035,4.292148,6.113183,historical
1972,SSP5-8.5,7.746901,5.786713,1.960188,4.461821,6.42201,historical
1973,SSP5-8.5,7.93557,5.909077,2.026493,4.636546,6.663039,historical
1974,SSP5-8.5,7.909792,5.864346,2.045447,4.665762,6.711209,historical
1975,SSP5-8.5,8.180647,6.142078,2.038569,4.927838,6.966407,historical
1976,SSP5-8.5,8.409326,6.272089,2.137236,5.00441,7.141646,historical
1977,SSP5-8.5,8.640444,6.419868,2.220576,5.192597,7.413173,historical
1978,SSP5-8.5,8.837869,6.587857,2.250012,5.425788,7.675801,historical
1979,SSP5-8.5,9.123756,6.792047,2.331709,5.577634,7.909343,historical
1980,SSP5-8.5,9.227259,6.967747,2.259512,5.77441,8.033922,historical
1981,SSP5-8.5,9.121125,6.926315,2.19481,5.797197,7.992008,historical
1982,SSP5-8.5,9.494516,7.182765,2.311751,5.869672,8.181423,historical
1983,SSP5-8.5,9.530293,7.310411,2.219882,6.100115,8.319998,historical
1984,SSP5-8.5,9.421164,7.258571,2.162593,6.322644,8.485237,historical
1985,SSP5-8.5,9.421444,7.289194,2.13225,6.346536,8.478786,historical
1986,SSP5-8.5,9.620413,7.448308,2.172106,6.482335,8.654441,historical
1987,SSP5-8.5,9.977117,7.708137,2.26898,6.644871,8.913851,historical
1988,SSP5-8.5,9.72272,7.584863,2.137856,6.816883,8.95474,historical
1989,SSP5-8.5,9.842472,7.66958,2.172892,6.841175,9.014068,historical
1990,SSP5-8.5,9.862304,7.706154,2.15615,6.813726,8.969876,historical
1991,SSP5-8.5,9.968817,7.756719,2.212098,6.747573,8.95967,historical
1992,SSP5-8.5,9.990076,7.718604,2.271472,6.803906,9.075378,historical
1993,SSP5-8.5,9.915094,7.785309,2.129785,6.740246,8.870031,historical
1994,SSP5-8.5,10.121031,7.873424,2.247607,6.814373,9.06198,historical
1995,SSP5-8.5,10.218834,7.998906,2.219927,7.106967,9.326894,historical
1996,SSP5-8.5,10.278763,8.018429,2.260334,7.364034,9.624368,historical
1997,SSP5-8.5,10.59022,7.909805,2.680415,7.150494,9.830909,historical
1998,SSP5-8.5,10.128407,7.853927,2.27448,7.23892,9.5134,historical
1999,SSP5-8.5,9.868586,7.791749,2.076838,7.379368,9.456205,historical
2000,SSP5-8.5,9.603187,7.589667,2.01352,7.237487,9.251007,historical
2001,SSP5-8.5,9.722247,7.703435,2.018812,7.26962,9.288433,historical
2002,SSP5-8.5,9.991772,7.895321,2.096451,7.392974,9.489426,historical
2003,SSP5-8.5,10.099787,8.059591,2.040196,7.527689,9.567885,historical
2004,SSP5-8.5,10.354571,8.244367,2.110204,7.668044,9.778248,historical
2005,SSP5-8.5,10.516571,8.377955,2.138616,7.731216,9.869832,historical
2006,SSP5-8.5,10.802562,8.551614,2.250947,7.887915,10.138862,historical
2007,SSP5-8.5,10.363481,8.224693,2.138788,8.053608,10.192396,historical
2008,SSP5-8.5,10.429681,8.461749,1.967932,8.04617,10.014103,historical
2009,SSP5-8.5,10.546742,8.610838,1.935903,8.17646,10.112364,historical
2010,SSP5-8.5,10.539817,8.60331,1.936507,8.371607,10.308114,historical
2011,SSP5-8.5,10.446428,8.496913,1.949515,8.532201,10.481716,historical
2012,SSP5-8.5,10.593898,8.637072,1.956826,8.574646,10.531472,historical
2013,SSP5-8.5,10.759047,8.792289,1.966758,8.677488,10.644245,historical
2014,SSP5-8.5,10.866284,8.912952,1.953331,8.748905,10.702236,historical
2015,SSP5-8.5,10.9,8.940608,1.959392,8.725336,10.684728,historical
2016,SSP5-8.5,11.066534,9.077206,1.989329,8.815656,10.804985,historical
2017,SSP5-8.5,11.233069,9.213804,2.019265,8.938529,10.957794,historical
2018,SSP5-8.5,11.399603,9.350402,2.049201,8.874295,10.923496,historical
2019,SSP5-8.5,11.566137,9.487,2.079138,8.809105,10.888242,historical
2020,SSP5-8.5,11.732672,9.623598,2.109074,10.298155,12.407229,scenario
2021,SSP5-8.5,11.824081,9.698575,2.125506,10.586312,12.711818,scenario
2022,SSP5-8.5,11.91549,9.773553,2.141937,10.920047,13.061984,scenario
2023,SSP5-8.5,12.0069,9.848531,2.158369,11.254154,13.412523,scenario
2024,SSP5-8.5,12.098309,9.923508,2.174801,11.513003,13.687804,scenario
2025,SSP5-8.5,12.189718,9.998486,2.191233,11.774485,13.965718,scenario
2026,SSP5-8.5,12.281128,10.073463,2.207665,12.039411,14.247076,scenario
2027,SSP5-8.5,12.372537,10.148441,2.224097,12.387625,14.611721,scenario
2028,SSP5-8.5,12.463946,10.223418,2.240528,12.689689,14.930218,scenario
2029,SSP5-8.5,12.555356,10.298396,2.25696,12.925138,15.182098,scenario
2030,SSP5-8.5,12.646765,10.373373,2.273392,13.202465,15.475857,scenario
2031,SSP5-8.5,12.720075,10.433504,2.28657,13.505323,15.791894,scenario
2032,SSP5-8.5,12.793384,10.493636,2.299748,13.832511,16.13226,scenario
2033,SSP5-8.5,12.866693,10.553767,2.312926,14.146873,16.4598,scenario
2034,SSP5-8.5,12.940003,10.613898,2.326105,14.414731,16.740835,scenario
2035,SSP5-8.5,13.013312,10.67403,2.339283,14.671789,17.011072,scenario
2036,SSP5-8.5,13.086622,10.734161,2.352461,14.965149,17.31761,scenario
2037,SSP5-8.5,13.159931,10.794292,2.365639,15.26861,17.634249,scenario
2038,SSP5-8.5,13.233241,10.854423,2.378817,15.596717,17.975535,scenario
2039,SSP5-8.5,13.30655,10.914555,2.391995,15.989147,18.381142,scenario
2040,SSP5-8.5,13.37986,10.974686,2.405174,16.425059,18.830233,scenario
2041,SSP5-8.5,13.359001,10.957577,2.401424,16.547349,18.948773,scenario
2042,SSP5-8.5,13.338142,10.940468,2.397674,16.969876,19.36755,scenario
2043,SSP5-8.5,13.317283,10.923358,2.393925,17.434525,19.82845,scenario
2044,SSP5-8.5,13.296424,10.906249,2.390175,17.618905,20.009081,scenario
2045,SSP5-8.5,13.275566,10.88914,2.386426,17.733213,20.119639,scenario
2046,SSP5-8.5,13.254707,10.872031,2.382676,17.973458,20.356134,scenario
2047,SSP5-8.5,13.233848,10.854922,2.378926,18.178227,20.557153,scenario
2048,SSP5-8.5,13.212989,10.837812,2.375177,18.289732,20.664909,scenario
2049,SSP5-8.5,13.19213,10.820703,2.371427,18.540233,20.91166,scenario
2050,SSP5-8.5,13.171271,10.803594,2.367678,18.823481,21.191159,scenario
2051,SSP5-8.5,13.197793,10.825348,2.372445,19.211911,21.584356,scenario
2052,SSP5-8.5,13.224314,10.847102,2.377213,19.51522,21.892432,scenario
2053,SSP5-8.5,13.250836,10.868856,2.38198,19.725343,22.107323,scenario
2054,SSP5-8.5,13.277357,10.89061,2.386748,20.084991,22.471739,scenario
2055,SSP5-8.5,13.303879,10.912364,2.391515,20.518616,22.910131,scenario
2056,SSP5-8.5,13.3304,10.934117,2.396283,20.819807,23.216089,scenario
2057,SSP5-8.5,13.356922,10.955871,2.40105,21.116968,23.518018,scenario
2058,SSP5-8.5,13.383443,10.977625,2.405818,21.399171,23.804988,scenario
2059,SSP5-8.5,13.409965,10.999379,2.410585,21.564896,23.975481,scenario
2060,SSP5-8.5,13.436486,11.021133,2.415353,21.688368,24.10372,scenario
2061,SSP5-8.5,13.436251,11.020941,2.415311,21.840475,24.255786,scenario
2062,SSP5-8.5,13.436016,11.020748,2.415268,21.955855,24.371124,scenario
2063,SSP5-8.5,13.435782,11.020555,2.415226,22.085355,24.500581,scenario
2064,SSP5-8.5,13.435547,11.020363,2.415184,22.338086,24.75327,scenario
2065,SSP5-8.5,13.435312,11.02017,2.415142,22.537006,24.952148,scenario
2066,SSP5-8.5,13.435077,11.019978,2.4151,22.687793,25.102893,scenario
2067,SSP5-8.5,13.434842,11.019785,2.415057,22.812494,25.227551,scenario
2068,SSP5-8.5,13.434608,11.019592,2.415015,22.867955,25.28297,scenario
2069,SSP5-8.5,13.434373,11.0194,2.414973,22.875868,25.290841,scenario
2070,SSP5-8.5,13.434138,11.019207,2.414931,22.950163,25.365094,scenario
2071,SSP5-8.5,13.439556,11.023651,2.415905,22.995628,25.411532,scenario
2072,SSP5-8.5,13.444974,11.028095,2.416879,22.932829,25.349707,scenario
2073,SSP5-8.5,13.450391,11.032539,2.417852,23.020261,25.438113,scenario
2074,SSP5-8.5,13.455809,11.036983,2.418826,23.041654,25.46048,scenario
2075,SSP5-8.5,13.461227,11.041427,2.4198,23.005435,25.425235,scenario
2076,SSP5-8.5,13.466645,11.045871,2.420774,22.892184,25.312958,scenario
2077,SSP5-8.5,13.472063,11.050315,2.421748,22.797332,25.21908,scenario
2078,SSP5-8.5,13.477481,11.054759,2.422722,22.72356,25.146282,scenario
2079,SSP5-8.5,13.482899,11.059203,2.423696,22.665156,25.088852,scenario
2080,SSP5-8.5,13.488316,11.063647,2.42467,22.601898,25.026568,scenario
2081,SSP5-8.5,13.461883,11.041965,2.419918,22.547808,24.967726,scenario
2082,SSP5-8.5,13.435449,11.020282,2.415166,22.477211,24.892378,scenario
2083,SSP5-8.5,13.409015,10.9986,2.410415,22.401836,24.81225,scenario
2084,SSP5-8.5,13.382581,10.976918,2.405663,22.361471,24.767134,scenario
2085,SSP5-8.5,13.356147,10.955236,2.400911,22.267016,24.667927,scenario
2086,SSP5-8.5,13.329714,10.933554,2.396159,22.216052,24.612211,scenario
2087,SSP5-8.5,13.30328,10.911872,2.391408,22.152603,24.544011,scenario
2088,SSP5-8.5,13.276846,10.89019,2.386656,22.102141,24.488796,scenario
2089,SSP5-8.5,13.250412,10.868508,2.381904,22.074469,24.456373,scenario
2090,SSP5-8.5,13.223978,10.846826,2.377152,22.030752,24.407904,scenario
2091,SSP5-8.5,13.174082,10.805899,2.368183,22.002267,24.37045,scenario
2092,SSP5-8.5,13.124185,10.764972,2.359213,21.962307,24.321521,scenario
2093,SSP5-8.5,13.074288,10.724045,2.350244,21.942895,24.293139,scenario
2094,SSP5-8.5,13.024392,10.683117,2.341274,21.891323,24.232598,scenario
2095,SSP5-8.5,12.974495,10.64219,2.332305,21.828406,24.160711,scenario
2096,SSP5-8.5,12.924598,10.601263,2.323336,21.768155,24.09149,scenario
2097,SSP5-8.5,12.874702,10.560336,2.314366,21.673423,23.98779,scenario
2098,SSP5-8.5,12.824805,10.519409,2.305397,21.576242,23.881639,scenario
2099,SSP5-8.5,12.774909,10.478481,2.296427,21.413556,23.709983,scenario
2100,SSP5-8.5,12.725012,10.437554,2.287458,21.24519,23.532647,scenario
